{"deviceUuid":"fe2f54accce6","humidity":47,"temperature":8.45,"pressure":101937,"accelerationX":153,"accelerationY":976,"accelerationZ":-18,"battery":3001,"timestamp":1556616239347,"totalAcceleration":988.083498495952,"zscoreTotalAcceleration":-0.0021044090475227342,"meanTotalAcceleration":988.1325260031363}